"YEAR","STRAT_MEAN_ABUND"
1999,167.926459886705
2000,65.4133702261055
2001,119.691488419867
2002,117.336993450457
2003,94.8906906598568
2004,213.093492382297
2005,46.4568808424356
2006,68.0861232958133
2007,29.6632612468887
2008,31.866725437429
2009,41.7745399062473
2010,162.38602935839
2011,89.5319805964938
2012,85.4286602633494
2013,100.39010661605
2014,68.4607140057365
2015,113.015632992832
2016,116.275814794176
2017,160.731914590893
